{
    "keyboard_name": "Monkeypad_Mk1",
    "manufacturer": "Monkeypad",
    "maintainer": "ozsan",
    "url": "https://https://github.com/monkeypad",
    "usb": {
        "vid": "0x6D6B",
        "pid": "0x6D31",
        "device_version": "1.0.0"
    },
    "layout_aliases": {
        "LAYOUT_monkeypad_4x6": "LAYOUT_module"
    },
    "layouts": {
        "LAYOUT_module": {
            "layout": [
                {"matrix": [0, 5], "x": 0, "y": 0},
                {"matrix": [0, 4], "x": 1, "y": 0},
                {"matrix": [0, 3], "x": 2, "y": 0},
                {"matrix": [0, 2], "x": 3, "y": 0},
                {"matrix": [0, 1], "x": 4, "y": 0},
                {"matrix": [0, 0], "x": 5, "y": 0},

                {"matrix": [6, 0], "x": 11, "y": 1},
                {"matrix": [6, 1], "x": 12, "y": 1},
                {"matrix": [6, 2], "x": 13, "y": 1},
                {"matrix": [6, 3], "x": 14, "y": 1},
                {"matrix": [6, 4], "x": 15, "y": 1},
                {"matrix": [6, 5], "x": 16, "y": 1},

                {"matrix": [1, 5], "x": 0, "y": 1},
                {"matrix": [1, 4], "x": 1, "y": 1},
                {"matrix": [1, 3], "x": 2, "y": 1},
                {"matrix": [1, 2], "x": 3, "y": 1},
                {"matrix": [1, 1], "x": 4, "y": 1},
                {"matrix": [1, 0], "x": 5, "y": 1},

                {"matrix": [7, 0], "x": 11, "y": 2},
                {"matrix": [7, 1], "x": 12, "y": 2},
                {"matrix": [7, 2], "x": 13, "y": 2},
                {"matrix": [7, 3], "x": 14, "y": 2},
                {"matrix": [7, 4], "x": 15, "y": 2},
                {"matrix": [7, 5], "x": 16, "y": 2},

                {"matrix": [2, 5], "x": 0, "y": 2},
                {"matrix": [2, 4], "x": 1, "y": 2},
                {"matrix": [2, 3], "x": 2, "y": 2},
                {"matrix": [2, 2], "x": 3, "y": 2},
                {"matrix": [2, 1], "x": 4, "y": 2},
                {"matrix": [2, 0], "x": 5, "y": 2},

                {"matrix": [8, 0], "x": 11, "y": 3},
                {"matrix": [8, 1], "x": 12, "y": 3},
                {"matrix": [8, 2], "x": 13, "y": 3},
                {"matrix": [8, 3], "x": 14, "y": 3},
                {"matrix": [8, 4], "x": 15, "y": 3},
                {"matrix": [8, 5], "x": 16, "y": 3},

                {"matrix": [3, 5], "x": 0, "y": 3},
                {"matrix": [3, 4], "x": 1, "y": 3},
                {"matrix": [3, 3], "x": 2, "y": 3},
                {"matrix": [3, 2], "x": 3, "y": 3},
                {"matrix": [3, 1], "x": 4, "y": 3},
                {"matrix": [3, 0], "x": 5, "y": 3},

                {"matrix": [9, 0], "x": 11, "y": 0},
                {"matrix": [9, 1], "x": 12, "y": 0},
                {"matrix": [9, 2], "x": 13, "y": 0},
                {"matrix": [9, 3], "x": 14, "y": 0},
                {"matrix": [9, 4], "x": 15, "y": 0},
                {"matrix": [9, 5], "x": 16, "y": 0},

                {"matrix": [4, 1], "x": 5, "y": 4},
                {"matrix": [4, 0], "x": 6, "y": 4},

                {"matrix": [10, 0], "x": 11, "y": 4},
                {"matrix": [10, 1], "x": 12, "y": 4},

                {"matrix": [5, 6], "x": 6, "y": 4},

                {"matrix": [11, 6], "x": 6, "y": 4}
            ]
        }
    },
    "rgb_matrix": {
        "driver": "WS2812"
    },
    "matrix_pins": {
        "cols": ["GP12", "GP13", "GP14", "NO_PIN", "NO_PIN", "NO_PIN", "GP20"],
        "rows": ["NO_PIN", "NO_PIN", "NO_PIN", "NO_PIN", "GP15", "GP21"]
    },
    "diode_direction": "COL2ROW",
    "ws2812": {
        "pin": "GP7",
        "driver": "vendor"
    },
    "dynamic_keymap": {
        "layer_count": 5
    },
    "processor": "RP2040",
    "bootloader": "rp2040"
}
